23487929637,IssueCommentEvent,2022-08-17T15:51:05Z,17,8,2022
23487929676,PushEvent,2022-08-17T15:51:05Z,17,8,2022
23487929674,PushEvent,2022-08-17T15:51:05Z,17,8,2022
23487929661,PushEvent,2022-08-17T15:51:05Z,17,8,2022
23487929682,PushEvent,2022-08-17T15:51:05Z,17,8,2022
23487929673,PushEvent,2022-08-17T15:51:05Z,17,8,2022
23487929588,PushEvent,2022-08-17T15:51:05Z,17,8,2022
23487929636,CreateEvent,2022-08-17T15:51:05Z,17,8,2022
23487929580,IssuesEvent,2022-08-17T15:51:05Z,17,8,2022
23487929591,PushEvent,2022-08-17T15:51:05Z,17,8,2022
23487929533,PushEvent,2022-08-17T15:51:05Z,17,8,2022
23487929573,PushEvent,2022-08-17T15:51:05Z,17,8,2022
23487929349,PushEvent,2022-08-17T15:51:04Z,17,8,2022
23487929578,PushEvent,2022-08-17T15:51:05Z,17,8,2022
23487929597,IssueCommentEvent,2022-08-17T15:51:05Z,17,8,2022
23487929522,ReleaseEvent,2022-08-17T15:51:05Z,17,8,2022
23487929560,PushEvent,2022-08-17T15:51:05Z,17,8,2022
23487929536,PushEvent,2022-08-17T15:51:05Z,17,8,2022
23487929501,DeleteEvent,2022-08-17T15:51:05Z,17,8,2022
23487929523,PushEvent,2022-08-17T15:51:05Z,17,8,2022
23487929494,PushEvent,2022-08-17T15:51:05Z,17,8,2022
23487929532,PushEvent,2022-08-17T15:51:05Z,17,8,2022
23487929508,CreateEvent,2022-08-17T15:51:05Z,17,8,2022
23487929447,PushEvent,2022-08-17T15:51:05Z,17,8,2022
23487929496,DeleteEvent,2022-08-17T15:51:05Z,17,8,2022
23487929420,PushEvent,2022-08-17T15:51:05Z,17,8,2022
23487929439,PushEvent,2022-08-17T15:51:05Z,17,8,2022
23487929452,PushEvent,2022-08-17T15:51:05Z,17,8,2022
23487929428,IssuesEvent,2022-08-17T15:51:05Z,17,8,2022
23487929425,IssueCommentEvent,2022-08-17T15:51:05Z,17,8,2022
23488007867,PushEvent,2022-08-17T15:54:45Z,17,8,2022
23488007871,PushEvent,2022-08-17T15:54:45Z,17,8,2022
23488007894,PushEvent,2022-08-17T15:54:45Z,17,8,2022
23488007886,CreateEvent,2022-08-17T15:54:45Z,17,8,2022
23488007941,CreateEvent,2022-08-17T15:54:45Z,17,8,2022
23488007824,PushEvent,2022-08-17T15:54:45Z,17,8,2022
23488007819,PushEvent,2022-08-17T15:54:45Z,17,8,2022
23488007807,PushEvent,2022-08-17T15:54:45Z,17,8,2022
23488007835,PushEvent,2022-08-17T15:54:45Z,17,8,2022
23488007809,PushEvent,2022-08-17T15:54:45Z,17,8,2022
23488007842,PushEvent,2022-08-17T15:54:45Z,17,8,2022
23488007844,PushEvent,2022-08-17T15:54:45Z,17,8,2022
23488007825,PushEvent,2022-08-17T15:54:45Z,17,8,2022
23488007865,CreateEvent,2022-08-17T15:54:45Z,17,8,2022
23488007821,PushEvent,2022-08-17T15:54:45Z,17,8,2022
23488007797,PushEvent,2022-08-17T15:54:45Z,17,8,2022
23488007810,PushEvent,2022-08-17T15:54:45Z,17,8,2022
23488007799,CreateEvent,2022-08-17T15:54:45Z,17,8,2022
23488007815,CreateEvent,2022-08-17T15:54:45Z,17,8,2022
23488007748,PushEvent,2022-08-17T15:54:45Z,17,8,2022
23488007803,PushEvent,2022-08-17T15:54:45Z,17,8,2022
23488007753,PushEvent,2022-08-17T15:54:45Z,17,8,2022
23488007776,PushEvent,2022-08-17T15:54:45Z,17,8,2022
23488007781,PushEvent,2022-08-17T15:54:45Z,17,8,2022
23488007743,PushEvent,2022-08-17T15:54:45Z,17,8,2022
23488007745,PushEvent,2022-08-17T15:54:45Z,17,8,2022
23488007751,PushEvent,2022-08-17T15:54:45Z,17,8,2022
23488007758,PushEvent,2022-08-17T15:54:45Z,17,8,2022
23488007754,PushEvent,2022-08-17T15:54:45Z,17,8,2022
23488007738,PushEvent,2022-08-17T15:54:45Z,17,8,2022
